<?xml version="1.0" encoding="UTF-8"?>
<plugin name="kanban">
  <property name="description"    value="Kanban" />
  <property name="comment"        value="Le kanban permet de modifier plusieurs états du ticket" />
  <property name="uniqueCode"     value="100006"                   comment="inserted id (for instance for menu) should start with this code + 3 digits" />
  <property name="version"        value="4.0" />
  <property name="compatibility"  value="V7.0.0" />
  <property name="sql"            value="kanban.sql" version="1.0" />
  <property name="reload"         value="1"                        comment="set to 1 to force application reload after plug-in install" />
  <property name="postInstall"    value="kanbanPostInstall.php"  comment="file to be executed after plugin install" />
  <files>
    <file name="iconKanban16.png" target="../view/css/images" action="move" />
    <file name="iconKanban22.png" target="../view/css/images" action="move" />
    <file name="iconKanban32.png" target="../view/css/images" action="move" />
    
    <file name="dynamicDialogKanbanUpdate.php" target="../tool" action="move" />
    <file name="dynamicDialogKanbanGetObjectStream.php" target="../tool" action="move" />
    <file name="Kanban.php" target="../model" action="move" />
  </files>
  
</plugin>